{
  "pooled": {
    "n_trades": 16,
    "gross_total_pnl": 1.648708200832891,
    "net_total_pnl": 1.1125881384588012,
    "mean_trade_gross_pnl": 0.10304426255205569,
    "mean_trade_net_pnl": 0.06953675865367508,
    "mean_gross_return": 0.08421640519543089,
    "mean_net_return": 0.06743298035224649,
    "gross_sharpe_like": 0.5383602614537563,
    "net_sharpe_like": 0.5260925184888087,
    "win_rate_net": 0.6875,
    "median_hold_hours": 3.5,
    "mean_hold_hours": 10.0625,
    "mean_entry_D": 0.08734242764444425,
    "mean_entry_band": 0.08628971152594633,
    "mean_capital_abs": 13.259413201263477,
    "alpha_gross": 0.08421640519543089,
    "alpha_gross_t_stat": 2.153441045815025,
    "alpha_gross_p_value": 0.04796095480884897,
    "alpha_gross_hac_ci_lo": -0.010552025154697539,
    "alpha_gross_hac_ci_hi": 0.17898483554555933,
    "alpha_gross_bootstrap_ci_lo": 0.01666415346693615,
    "alpha_gross_bootstrap_ci_hi": 0.1838547149953566,
    "alpha_net": 0.06743298035224649,
    "alpha_net_t_stat": 2.1043700739552347,
    "alpha_net_p_value": 0.05262066643063093,
    "alpha_net_hac_ci_lo": -0.00820635559963262,
    "alpha_net_hac_ci_hi": 0.1430723163041256,
    "alpha_net_bootstrap_ci_lo": 0.012109134604770585,
    "alpha_net_bootstrap_ci_hi": 0.1499195311354806
  },
  "markets": [
    {
      "market_id": "251932",
      "market_label": "BTC above $28,000 at end of August",
      "n_trades": 4,
      "gross_total_pnl": 0.33848091227115756,
      "net_total_pnl": 0.27395537695024424,
      "mean_trade_gross_pnl": 0.08462022806778939,
      "mean_trade_net_pnl": 0.06848884423756106,
      "mean_gross_return": 0.2770747810763905,
      "mean_net_return": 0.2214067446957478,
      "gross_return_std": 0.22932922705183556,
      "net_return_std": 0.19088746238567514,
      "gross_sharpe_like": 1.20819655060261,
      "net_sharpe_like": 1.1598810206215144,
      "win_rate_net": 1.0,
      "median_hold_hours": 2.5,
      "mean_hold_hours": 4.0,
      "mean_entry_D": 0.14490583665256024,
      "mean_entry_band": 0.11298992851883274,
      "mean_capital_abs": 0.6525735522217251,
      "alpha_gross": 0.2770747810763905,
      "alpha_gross_t_stat": 2.41639310120522,
      "alpha_gross_p_value": 0.09447375855402232,
      "alpha_gross_hac_ci_lo": 0.04277774718156374,
      "alpha_gross_hac_ci_hi": 0.5113718149712172,
      "alpha_gross_bootstrap_ci_lo": 0.08457153405641295,
      "alpha_gross_bootstrap_ci_hi": 0.46957802809636806,
      "alpha_net": 0.2214067446957478,
      "alpha_net_t_stat": 2.319762041243029,
      "alpha_net_p_value": 0.10310659784391277,
      "alpha_net_hac_ci_lo": 0.026847668672049213,
      "alpha_net_hac_ci_hi": 0.41596582071944643,
      "alpha_net_bootstrap_ci_lo": 0.06785631131604566,
      "alpha_net_bootstrap_ci_hi": 0.3749571780754499
    },
    {
      "market_id": "252015",
      "market_label": "BTC above $26,000 at end of August",
      "n_trades": 1,
      "gross_total_pnl": -0.2523892925710729,
      "net_total_pnl": -0.3445761798363034,
      "mean_trade_gross_pnl": -0.2523892925710729,
      "mean_trade_net_pnl": -0.3445761798363034,
      "mean_gross_return": -0.003208098364671625,
      "mean_net_return": -0.004379877877451358,
      "gross_return_std": NaN,
      "net_return_std": NaN,
      "gross_sharpe_like": NaN,
      "net_sharpe_like": NaN,
      "win_rate_net": 0.0,
      "median_hold_hours": 1.0,
      "mean_hold_hours": 1.0,
      "mean_entry_D": 0.16857815979603652,
      "mean_entry_band": 0.052157953944439936,
      "mean_capital_abs": 78.67255423039593,
      "alpha_gross": -0.003208098364671625,
      "alpha_gross_t_stat": NaN,
      "alpha_gross_p_value": NaN,
      "alpha_gross_hac_ci_lo": NaN,
      "alpha_gross_hac_ci_hi": NaN,
      "alpha_gross_bootstrap_ci_lo": NaN,
      "alpha_gross_bootstrap_ci_hi": NaN,
      "alpha_net": -0.004379877877451358,
      "alpha_net_t_stat": NaN,
      "alpha_net_p_value": NaN,
      "alpha_net_hac_ci_lo": NaN,
      "alpha_net_hac_ci_hi": NaN,
      "alpha_net_bootstrap_ci_lo": NaN,
      "alpha_net_bootstrap_ci_hi": NaN
    },
    {
      "market_id": "252196",
      "market_label": "BTC above $27,000 at end of September",
      "n_trades": 11,
      "gross_total_pnl": 1.5626165811328065,
      "net_total_pnl": 1.1832089413448603,
      "mean_trade_gross_pnl": 0.14205605283025513,
      "mean_trade_net_pnl": 0.10756444921316911,
      "mean_gross_return": 0.02203376883509126,
      "mean_net_return": 0.017970962248218533,
      "gross_return_std": 0.032143017527149945,
      "net_return_std": 0.031978200017688245,
      "gross_sharpe_like": 0.685491610004574,
      "net_sharpe_like": 0.5619754156981372,
      "win_rate_net": 0.6363636363636364,
      "median_hold_hours": 6.0,
      "mean_hold_hours": 13.090909090909092,
      "mean_entry_D": 0.059025212354984584,
      "mean_entry_band": 0.0796834287632155,
      "mean_capital_abs": 11.897069343721164,
      "alpha_gross": 0.02203376883509126,
      "alpha_gross_t_stat": 2.273518467321806,
      "alpha_gross_p_value": 0.04629295459457928,
      "alpha_gross_hac_ci_lo": 0.00022080612130433164,
      "alpha_gross_hac_ci_hi": 0.043846731548878186,
      "alpha_gross_bootstrap_ci_lo": 0.005796748017448085,
      "alpha_gross_bootstrap_ci_hi": 0.04696329840075939,
      "alpha_net": 0.017970962248218533,
      "alpha_net_t_stat": 1.863861595274723,
      "alpha_net_p_value": 0.09193031836152762,
      "alpha_net_hac_ci_lo": -0.0033696557139072485,
      "alpha_net_hac_ci_hi": 0.03931158021034431,
      "alpha_net_bootstrap_ci_lo": 0.0016444074310585876,
      "alpha_net_bootstrap_ci_hi": 0.04253482948233593
    }
  ],
  "strategy": {
    "type": "delta_hedged_call_proxy",
    "entry_rule": "enter when |D_t| > 1.00*SE(P_fair,t) + TF_t",
    "exit_rule": "close when the wedge re-enters the neutral band, or at last observation before expiry",
    "net_costs": "Polymarket fee+half-spread, Binance option fee+half-spread, and spot hedge turnover charged at a fixed 5 bps one-way spread assumption"
  }
}