{
  "meta": {
    "n_obs": 287,
    "r_squared": 0.22114180623486646,
    "adj_r_squared": 0.20728311951306688
  },
  "coefficients": [
    {
      "term": "p_fair",
      "coef": -0.3979599126172507,
      "std_err": 0.0626103159298052,
      "z_stat": -6.356139666559399,
      "p_value": 2.0688693535850912e-10,
      "ci_lo": -0.5206738769003434,
      "ci_hi": -0.2752459483341581
    },
    {
      "term": "se_pfair",
      "coef": 0.03934007468949249,
      "std_err": 0.019174178581365962,
      "z_stat": 2.051721513000006,
      "p_value": 0.04019673478795631,
      "ci_lo": 0.0017593752368758944,
      "ci_hi": 0.07692077414210907
    },
    {
      "term": "tau_hours",
      "coef": 0.0007734702916305582,
      "std_err": 0.0001295966547121391,
      "z_stat": 5.968289022186531,
      "p_value": 2.3975439941265036e-09,
      "ci_lo": 0.0005194655158778925,
      "ci_hi": 0.001027475067383224
    }
  ]
}