{
  "pooled": {
    "n_trades": 112,
    "gross_total_pnl": 19.78908188328727,
    "net_total_pnl": 6.011794590310794,
    "mean_trade_gross_pnl": 0.1766882311007792,
    "mean_trade_net_pnl": 0.05367673741348923,
    "mean_gross_return": 0.4459473029979049,
    "mean_net_return": 0.3149709081857789,
    "gross_sharpe_like": 0.09915549729963873,
    "net_sharpe_like": 0.09696042926182495,
    "win_rate_net": 0.6339285714285714,
    "median_hold_hours": 4.0,
    "mean_hold_hours": 15.053571428571429,
    "mean_entry_D": 0.015333957932845556,
    "mean_entry_band": 0.012708859978679127,
    "mean_capital_abs": 9.783531843886497,
    "alpha_gross": 0.4459473029979049,
    "alpha_gross_t_stat": 1.0493631479191223,
    "alpha_gross_p_value": 0.29629039942126056,
    "alpha_gross_hac_ci_lo": -0.3678738614725326,
    "alpha_gross_hac_ci_hi": 1.2597684674683425,
    "alpha_gross_bootstrap_ci_lo": 0.0143307202607488,
    "alpha_gross_bootstrap_ci_hi": 1.299296154484282,
    "alpha_net": 0.3149709081857789,
    "alpha_net_t_stat": 1.0261327313634356,
    "alpha_net_p_value": 0.30706001003933603,
    "alpha_net_hac_ci_lo": -0.27203489676559256,
    "alpha_net_hac_ci_hi": 0.9019767131371503,
    "alpha_net_bootstrap_ci_lo": 0.0022607604118753395,
    "alpha_net_bootstrap_ci_hi": 0.931476477730178
  },
  "markets": [
    {
      "market_id": "251932",
      "market_label": "BTC above $28,000 at end of August",
      "n_trades": 66,
      "gross_total_pnl": 26.75421776032867,
      "net_total_pnl": 18.781263398069097,
      "mean_trade_gross_pnl": 0.4053669357625556,
      "mean_trade_net_pnl": 0.28456459694044084,
      "mean_gross_return": 0.7453910731788714,
      "mean_net_return": 0.5274179819333406,
      "gross_return_std": 5.858248622804315,
      "net_return_std": 4.2317085579695215,
      "gross_sharpe_like": 0.12723786939961867,
      "net_sharpe_like": 0.12463476033576583,
      "win_rate_net": 0.5909090909090909,
      "median_hold_hours": 2.0,
      "mean_hold_hours": 8.318181818181818,
      "mean_entry_D": 0.007284878236698797,
      "mean_entry_band": 0.010091362941648002,
      "mean_capital_abs": 2.273895823755604,
      "alpha_gross": 0.7453910731788714,
      "alpha_gross_t_stat": 1.0336853375265567,
      "alpha_gross_p_value": 0.30511396907136246,
      "alpha_gross_hac_ci_lo": -0.6321793892447779,
      "alpha_gross_hac_ci_hi": 2.1229615356025207,
      "alpha_gross_bootstrap_ci_lo": 0.01293316807691466,
      "alpha_gross_bootstrap_ci_hi": 2.199581215453042,
      "alpha_net": 0.5274179819333406,
      "alpha_net_t_stat": 1.0125375795203604,
      "alpha_net_p_value": 0.31503543966993874,
      "alpha_net_hac_ci_lo": -0.46551860593544003,
      "alpha_net_hac_ci_hi": 1.5203545698021212,
      "alpha_net_bootstrap_ci_lo": -0.0026444584634434426,
      "alpha_net_bootstrap_ci_hi": 1.5759869714845258
    },
    {
      "market_id": "252015",
      "market_label": "BTC above $26,000 at end of August",
      "n_trades": 17,
      "gross_total_pnl": -8.656696413102656,
      "net_total_pnl": -12.747228963953997,
      "mean_trade_gross_pnl": -0.5092174360648621,
      "mean_trade_net_pnl": -0.7498369978796469,
      "mean_gross_return": 0.0051101381785244445,
      "mean_net_return": -0.00450586700292805,
      "gross_return_std": 0.04339188245704014,
      "net_return_std": 0.06018578591008306,
      "gross_sharpe_like": 0.11776714650680814,
      "net_sharpe_like": -0.07486596602160797,
      "win_rate_net": 0.7058823529411765,
      "median_hold_hours": 8.0,
      "mean_hold_hours": 30.294117647058822,
      "mean_entry_D": 0.010441347470024731,
      "mean_entry_band": 0.020098106242741845,
      "mean_capital_abs": 19.12994360919509,
      "alpha_gross": 0.0051101381785244445,
      "alpha_gross_t_stat": 0.48556638427515986,
      "alpha_gross_p_value": 0.6338568362046898,
      "alpha_gross_hac_ci_lo": -0.02002318825319574,
      "alpha_gross_hac_ci_hi": 0.03024346461024463,
      "alpha_gross_bootstrap_ci_lo": -0.018154588622158754,
      "alpha_gross_bootstrap_ci_hi": 0.026275920678922246,
      "alpha_net": -0.00450586700292805,
      "alpha_net_t_stat": -0.3086802856709924,
      "alpha_net_p_value": 0.7615475987725145,
      "alpha_net_hac_ci_lo": -0.03966269202374322,
      "alpha_net_hac_ci_hi": 0.03065095801788712,
      "alpha_net_bootstrap_ci_lo": -0.038481469901561156,
      "alpha_net_bootstrap_ci_hi": 0.022835823687094924
    },
    {
      "market_id": "252196",
      "market_label": "BTC above $27,000 at end of September",
      "n_trades": 29,
      "gross_total_pnl": 1.6915605360612567,
      "net_total_pnl": -0.022239843804304105,
      "mean_trade_gross_pnl": 0.05832967365728471,
      "mean_trade_net_pnl": -0.0007668911656656588,
      "mean_gross_return": 0.022876370928445477,
      "mean_net_return": 0.018750160284708293,
      "gross_return_std": 0.02980896755937347,
      "net_return_std": 0.028777998622775133,
      "gross_sharpe_like": 0.7674325144901563,
      "net_sharpe_like": 0.6515449712291413,
      "win_rate_net": 0.6896551724137931,
      "median_hold_hours": 10.0,
      "mean_hold_hours": 21.448275862068964,
      "mean_entry_D": 0.036520635098833146,
      "mean_entry_band": 0.014334295080575269,
      "mean_capital_abs": 21.395496579003495,
      "alpha_gross": 0.022876370928445477,
      "alpha_gross_t_stat": 4.13275056888313,
      "alpha_gross_p_value": 0.0002940699865453856,
      "alpha_gross_hac_ci_lo": 0.012127144723498582,
      "alpha_gross_hac_ci_hi": 0.033625597133392374,
      "alpha_gross_bootstrap_ci_lo": 0.012872049043795903,
      "alpha_gross_bootstrap_ci_hi": 0.03414442040758117,
      "alpha_net": 0.018750160284708293,
      "alpha_net_t_stat": 3.508677049328635,
      "alpha_net_p_value": 0.001541285555146014,
      "alpha_net_hac_ci_lo": 0.008413062270810765,
      "alpha_net_hac_ci_hi": 0.029087258298605822,
      "alpha_net_bootstrap_ci_lo": 0.009067009786204977,
      "alpha_net_bootstrap_ci_hi": 0.029849054942636986
    }
  ],
  "strategy": {
    "type": "delta_hedged_call_proxy",
    "entry_rule": "enter when |D_t| > 1.00*SE(P_fair,t) + TF_t",
    "exit_rule": "close when the wedge re-enters the neutral band, or at last observation before expiry",
    "net_costs": "Polymarket fee+half-spread, listed-option fee+half-spread, and spot hedge turnover charged at a fixed 5 bps one-way spread assumption"
  }
}