{
  "pooled": {
    "n_trades": 109,
    "gross_total_pnl": 23.88509338835517,
    "net_total_pnl": 16.48054502807336,
    "mean_trade_gross_pnl": 0.21912929714087312,
    "mean_trade_net_pnl": 0.1511976608080125,
    "mean_gross_return": 0.2150322357663036,
    "mean_net_return": 0.15560396390222367,
    "gross_sharpe_like": 0.15419550730492437,
    "net_sharpe_like": 0.144329214515463,
    "win_rate_net": 0.6788990825688074,
    "median_hold_hours": 3.0,
    "mean_hold_hours": 21.238532110091743,
    "mean_entry_D": 0.013106982288589088,
    "mean_entry_band": 0.014120369053026912,
    "mean_capital_abs": 8.439882557472757,
    "alpha_gross": 0.2150322357663036,
    "alpha_gross_t_stat": 1.609848358560366,
    "alpha_gross_p_value": 0.11035010417165597,
    "alpha_gross_hac_ci_lo": -0.05011722931508422,
    "alpha_gross_hac_ci_hi": 0.4801817008476914,
    "alpha_gross_bootstrap_ci_lo": 0.015423432989276214,
    "alpha_gross_bootstrap_ci_hi": 0.531170291476107,
    "alpha_net": 0.15560396390222367,
    "alpha_net_t_stat": 1.5068412377317353,
    "alpha_net_p_value": 0.13477084358403812,
    "alpha_net_hac_ci_lo": -0.049410083087861656,
    "alpha_net_hac_ci_hi": 0.360618010892309,
    "alpha_net_bootstrap_ci_lo": 0.0025753379459013803,
    "alpha_net_bootstrap_ci_hi": 0.39988607418020733
  },
  "markets": [
    {
      "market_id": "248578",
      "market_label": "ETH above $1,700 on February 10",
      "n_trades": 30,
      "gross_total_pnl": 13.001884648459788,
      "net_total_pnl": 9.844457698245687,
      "mean_trade_gross_pnl": 0.4333961549486596,
      "mean_trade_net_pnl": 0.3281485899415229,
      "mean_gross_return": 0.5026247823798008,
      "mean_net_return": 0.36918393527936477,
      "gross_return_std": 2.501163962993631,
      "net_return_std": 1.9431049219173302,
      "gross_sharpe_like": 0.20095635064972375,
      "net_sharpe_like": 0.18999691221772932,
      "win_rate_net": 0.5666666666666667,
      "median_hold_hours": 5.0,
      "mean_hold_hours": 22.766666666666666,
      "mean_entry_D": 0.008897639069504396,
      "mean_entry_band": 0.011547639245538123,
      "mean_capital_abs": 2.079894219492895,
      "alpha_gross": 0.5026247823798008,
      "alpha_gross_t_stat": 1.1006832632477166,
      "alpha_gross_p_value": 0.2800871748788011,
      "alpha_gross_hac_ci_lo": -0.3487635152211921,
      "alpha_gross_hac_ci_hi": 1.3540130799807937,
      "alpha_gross_bootstrap_ci_lo": 0.020530415136413443,
      "alpha_gross_bootstrap_ci_hi": 1.4363164959425636,
      "alpha_net": 0.36918393527936477,
      "alpha_net_t_stat": 1.0406559467797922,
      "alpha_net_p_value": 0.3066339867486951,
      "alpha_net_hac_ci_lo": -0.28775158393775135,
      "alpha_net_hac_ci_hi": 1.026119454496481,
      "alpha_net_bootstrap_ci_lo": -0.008886447199004418,
      "alpha_net_bootstrap_ci_hi": 1.0960046165682062
    },
    {
      "market_id": "248658",
      "market_label": "ETH above $1,700 on February 17",
      "n_trades": 16,
      "gross_total_pnl": 7.013265126651536,
      "net_total_pnl": 4.676559925734948,
      "mean_trade_gross_pnl": 0.438329070415721,
      "mean_trade_net_pnl": 0.2922849953584343,
      "mean_gross_return": 0.24565753926830958,
      "mean_net_return": 0.1698936350636694,
      "gross_return_std": 0.8943098184353998,
      "net_return_std": 0.6719285462727269,
      "gross_sharpe_like": 0.274689525044116,
      "net_sharpe_like": 0.2528447942956003,
      "win_rate_net": 0.5,
      "median_hold_hours": 6.5,
      "mean_hold_hours": 45.5,
      "mean_entry_D": -0.010471194783695644,
      "mean_entry_band": 0.015237078319841725,
      "mean_capital_abs": 8.577378005508432,
      "alpha_gross": 0.24565753926830958,
      "alpha_gross_t_stat": 1.098758100176464,
      "alpha_gross_p_value": 0.2891972244965196,
      "alpha_gross_hac_ci_lo": -0.19087835545680576,
      "alpha_gross_hac_ci_hi": 0.6821934339934249,
      "alpha_gross_bootstrap_ci_lo": 0.008875530361395413,
      "alpha_gross_bootstrap_ci_hi": 0.7061896752613843,
      "alpha_net": 0.1698936350636694,
      "alpha_net_t_stat": 1.0113791771824012,
      "alpha_net_p_value": 0.32787214215701654,
      "alpha_net_hac_ci_lo": -0.1584238680048426,
      "alpha_net_hac_ci_hi": 0.4982111381321814,
      "alpha_net_bootstrap_ci_lo": -0.011572179672342642,
      "alpha_net_bootstrap_ci_hi": 0.5183556210502538
    },
    {
      "market_id": "248822",
      "market_label": "ETH above $1,700 on February 24",
      "n_trades": 23,
      "gross_total_pnl": 2.2015474382548708,
      "net_total_pnl": 1.560069974112766,
      "mean_trade_gross_pnl": 0.09571945383716829,
      "mean_trade_net_pnl": 0.0678291293092507,
      "mean_gross_return": 0.18456874322422084,
      "mean_net_return": 0.1337746573088484,
      "gross_return_std": 0.7485577256166625,
      "net_return_std": 0.5617276082088144,
      "gross_sharpe_like": 0.24656581170433178,
      "net_sharpe_like": 0.23814862462505057,
      "win_rate_net": 0.782608695652174,
      "median_hold_hours": 3.0,
      "mean_hold_hours": 23.82608695652174,
      "mean_entry_D": 0.031429254452945796,
      "mean_entry_band": 0.012190483197859602,
      "mean_capital_abs": 5.161461703541718,
      "alpha_gross": 0.18456874322422084,
      "alpha_gross_t_stat": 1.1824880923428227,
      "alpha_gross_p_value": 0.24963496202775842,
      "alpha_gross_hac_ci_lo": -0.1429958142548471,
      "alpha_gross_hac_ci_hi": 0.5121333007032888,
      "alpha_gross_bootstrap_ci_lo": 0.008773977718367616,
      "alpha_gross_bootstrap_ci_hi": 0.517420729293272,
      "alpha_net": 0.1337746573088484,
      "alpha_net_t_stat": 1.1421206812103855,
      "alpha_net_p_value": 0.2656825066804107,
      "alpha_net_hac_ci_lo": -0.10901595089471705,
      "alpha_net_hac_ci_hi": 0.37656526551241387,
      "alpha_net_bootstrap_ci_lo": 0.0009504511621086455,
      "alpha_net_bootstrap_ci_hi": 0.3866422329491515
    },
    {
      "market_id": "249345",
      "market_label": "ETH above $1,700 on March 24",
      "n_trades": 40,
      "gross_total_pnl": 1.6683961749889773,
      "net_total_pnl": 0.3994574299799605,
      "mean_trade_gross_pnl": 0.04170990437472443,
      "mean_trade_net_pnl": 0.009986435749499012,
      "mean_gross_return": 0.004604212617075829,
      "mean_net_return": 0.0022549681959802845,
      "gross_return_std": 0.005095807021711612,
      "net_return_std": 0.0052113307011851465,
      "gross_sharpe_like": 0.9035296268988885,
      "net_sharpe_like": 0.4327048742977424,
      "win_rate_net": 0.775,
      "median_hold_hours": 2.5,
      "mean_hold_hours": 8.9,
      "mean_entry_D": 0.015159954037311383,
      "mean_entry_band": 0.01671291706863878,
      "mean_capital_abs": 15.039967622753732,
      "alpha_gross": 0.004604212617075829,
      "alpha_gross_t_stat": 5.714423108885253,
      "alpha_gross_p_value": 1.2909025476319904e-06,
      "alpha_gross_hac_ci_lo": 0.002630930229686879,
      "alpha_gross_hac_ci_hi": 0.006577495004464778,
      "alpha_gross_bootstrap_ci_lo": 0.002794608971239794,
      "alpha_gross_bootstrap_ci_hi": 0.006310830381425181,
      "alpha_net": 0.0022549681959802845,
      "alpha_net_t_stat": 2.736665914875435,
      "alpha_net_p_value": 0.009297237055920794,
      "alpha_net_hac_ci_lo": 0.00024010138793367644,
      "alpha_net_hac_ci_hi": 0.004269835004026893,
      "alpha_net_bootstrap_ci_lo": 0.0003733957539857332,
      "alpha_net_bootstrap_ci_hi": 0.003948803287886583
    }
  ],
  "strategy": {
    "type": "delta_hedged_call_proxy",
    "entry_rule": "enter when |D_t| > 1.00*SE(P_fair,t) + TF_t",
    "exit_rule": "close when the wedge re-enters the neutral band, or at last observation before expiry",
    "net_costs": "Polymarket fee+half-spread, listed-option fee+half-spread, and spot hedge turnover charged at a fixed 5 bps one-way spread assumption"
  }
}