{
  "venue": "deribit",
  "options_source": "Deribit public get_tradingview_chart_data (hourly)",
  "spot_source": "Deribit BTC-PERPETUAL (hourly close)",
  "friction_scalar_tf": 0.0078,
  "pooled": {
    "n": 2585,
    "markets": 3,
    "mean_D": 0.1105371364472104,
    "hac_ci_lo": 0.07382769109408965,
    "hac_ci_hi": 0.14724658180033115,
    "t_stat": 17.363780771081913,
    "t_p_value": 5.766433560631117e-64,
    "bootstrap_ci_lo": 0.06669604605965587,
    "bootstrap_ci_hi": 0.15560959417664721,
    "share_outside_ci_adj": 0.6340425531914894
  },
  "markets": [
    {
      "market_id": "251932",
      "market_label": "BTC above $28,000 at end of August",
      "n": 1432,
      "mean_D": -0.0023306133546380954,
      "ci_lo": -0.008298815862808347,
      "ci_hi": 0.003637589153532155,
      "t_stat": -1.7546710768777898,
      "p_value": 0.0795295873334328,
      "mean_p_poly": 0.047507352903603216,
      "mean_p_fair": 0.049837966258241315,
      "share_outside_ci_adj": 0.3743016759776536
    },
    {
      "market_id": "252015",
      "market_label": "BTC above $26,000 at end of August",
      "n": 508,
      "mean_D": 0.4105952387084807,
      "ci_lo": 0.2915353742674534,
      "ci_hi": 0.529655103149508,
      "t_stat": 16.38810114965505,
      "p_value": 9.51746717268503e-49,
      "mean_p_poly": 0.7449936271881383,
      "mean_p_fair": 0.3343983884796578,
      "share_outside_ci_adj": 0.9606299212598425
    },
    {
      "market_id": "252196",
      "market_label": "BTC above $27,000 at end of September",
      "n": 645,
      "mean_D": 0.12479620895499621,
      "ci_lo": 0.07516298421785716,
      "ci_hi": 0.17442943369213526,
      "t_stat": 12.516410972149085,
      "p_value": 2.510195667515482e-32,
      "mean_p_poly": 0.48345885594214033,
      "mean_p_fair": 0.35866264698714406,
      "share_outside_ci_adj": 0.9534883720930233
    }
  ]
}