{
  "pooled": {
    "n": 287,
    "markets": 3,
    "mean_D": 0.06332463351145833,
    "hac_ci_lo": 0.03268485424369262,
    "hac_ci_hi": 0.09396441277922403,
    "t_stat": 8.240079610448209,
    "t_p_value": 6.256947355421537e-15,
    "bootstrap_ci_lo": 0.030770294784856052,
    "bootstrap_ci_hi": 0.09496225387059608,
    "share_outside_pfair_se": 0.5574912891986062
  },
  "markets": [
    {
      "market_id": "251932",
      "market_label": "BTC above $28,000 at end of August",
      "n": 37,
      "mean_D": 0.09568490280284558,
      "ci_lo": 0.06954540321667663,
      "ci_hi": 0.12182440238901454,
      "t_stat": 11.101662274845713,
      "p_value": 3.542483036853441e-13,
      "mean_p_poly": 0.11197120361897538,
      "mean_p_fair": 0.016286300816129848,
      "share_outside_pfair_se": 0.7297297297297297
    },
    {
      "market_id": "252015",
      "market_label": "BTC above $26,000 at end of August",
      "n": 36,
      "mean_D": 0.07452644818306031,
      "ci_lo": -0.026725278167913757,
      "ci_hi": 0.17577817453403438,
      "t_stat": 2.328438383139155,
      "p_value": 0.025791143227195622,
      "mean_p_poly": 0.9079629629629627,
      "mean_p_fair": 0.8334365147799025,
      "share_outside_pfair_se": 0.3888888888888889
    },
    {
      "market_id": "252196",
      "market_label": "BTC above $27,000 at end of September",
      "n": 214,
      "mean_D": 0.055845216259313525,
      "ci_lo": 0.022809547397882525,
      "ci_hi": 0.08888088512074452,
      "t_stat": 6.463595170111963,
      "p_value": 6.859056252048194e-10,
      "mean_p_poly": 0.4042567845534862,
      "mean_p_fair": 0.34841156829417275,
      "share_outside_pfair_se": 0.5560747663551402
    }
  ]
}